"Pos","Age","Tm1819","G","GS","MP","FG","FGA","FGP","ThreeP","ThreePA","ThreePP","TwoP","TwoPA","TwoPP","eFGP","FT","FTA","FTP","ORB","DRB","TRB","AST","STL","BLK","TOV","PF","PTS","Name","Tm1920","Salary1920"
"C",25,"OKC",80,80,33.4,6,10.1,0.595,0,0,0,6,10.1,0.596,0.595,1.8,3.7,0.5,4.9,4.6,9.5,1.6,1.5,1,1.7,2.6,13.9,"Steven Adams","OKC",25842697
"C",21,"MIA",82,28,23.3,3.4,5.9,0.576,0,0.2,0.2,3.4,5.7,0.588,0.579,2,2.8,0.735,2,5.3,7.3,2.2,0.9,0.8,1.5,2.5,8.9,"Bam Adebayo","MIA",3454080
"C",33,"SAS",81,81,33.2,8.4,16.3,0.519,0.1,0.5,0.238,8.3,15.8,0.528,0.522,4.3,5.1,0.847,3.1,6.1,9.2,2.4,0.5,1.3,1.8,2.2,21.3,"LaMarcus Aldridge","SAS",2.6e+07
"SG",23,"UTA",38,2,10.9,1.8,4.7,0.376,0.8,2.6,0.323,0.9,2.1,0.443,0.466,1.2,1.6,0.75,0.1,0.5,0.6,0.7,0.2,0.2,0.9,1.2,5.6,"Grayson Allen","MEM",2429400
"C",20,"BRK",80,80,26.2,4.2,7.1,0.59,0.1,0.6,0.133,4.1,6.5,0.629,0.595,2.5,3.5,0.709,2.4,6,8.4,1.4,0.5,1.5,1.3,2.3,10.9,"Jarrett Allen","BRK",2376840
"PF",28,"POR",81,81,28.3,3.2,7.3,0.433,1.2,3.5,0.343,2,3.9,0.514,0.514,1.9,2.1,0.867,1.4,6.1,7.5,1.3,0.8,0.4,0.9,1.8,9.4,"Al-Farouq Aminu","ORL",9258000
"SF",25,"MEM",43,40,29.8,3.5,6.4,0.543,0.2,0.8,0.265,3.3,5.6,0.583,0.56,0.9,1.5,0.578,1.1,4.7,5.8,3,1.3,0.9,1.3,2.6,8,"Kyle Anderson","MEM",9073050
"PF",24,"MIL",72,72,32.8,10,17.3,0.578,0.7,2.8,0.256,9.3,14.5,0.641,0.599,6.9,9.5,0.729,2.2,10.3,12.5,5.9,1.3,1.5,3.7,3.2,27.7,"Giannis Antetokounmpo","MIL",25842697
"PF",34,"HOU",10,2,29.4,4.9,12.1,0.405,2.1,6.4,0.328,2.8,5.7,0.491,0.492,1.5,2.2,0.682,0.9,4.5,5.4,0.5,0.4,0.7,0.8,3.2,13.4,"Carmelo Anthony","POR",2159029
"SF",21,"TOR",67,6,20.2,2.7,6,0.453,1,3,0.332,1.7,3,0.574,0.536,0.5,0.9,0.581,0.9,2.1,2.9,0.7,0.7,0.3,0.8,2.1,7,"OG Anunoby","TOR",2281800
"PG",24,"CHI",81,32,24.2,2.3,5.2,0.447,1,2.7,0.373,1.3,2.5,0.527,0.544,1.1,1.3,0.873,0.3,2.4,2.7,3.3,0.8,0,0.8,2.1,6.7,"Ryan Arcidiacono","CHI",3e+06
"PG",31,"ORL",81,81,28,3.9,8.4,0.47,1.6,3.8,0.421,2.3,4.5,0.511,0.566,2.2,2.6,0.866,0.5,2,2.5,5.3,0.6,0,1.6,1.4,11.7,"D.J. Augustin","ORL",7250000
"C",20,"PHO",71,70,30.7,7.2,12.3,0.585,0,0.1,0,7.2,12.2,0.588,0.585,2,2.7,0.746,3.1,7.1,10.3,1.8,0.9,0.9,1.8,2.9,16.3,"Deandre Ayton","PHO",9562920
"SG",23,"CHO",43,13,17.7,2.8,6,0.475,0.9,2,0.437,2,4,0.494,0.549,0.8,1.1,0.739,0.2,1.9,2.1,1.1,0.3,0.1,0.4,1.7,7.3,"Dwayne Bacon","CHO",1618520
"PF",19,"SAC",62,4,25.3,5.7,11.4,0.504,0.5,1.5,0.313,5.3,9.8,0.534,0.525,2.9,4.2,0.691,2.6,5,7.6,1,0.5,1,1.6,1.9,14.9,"Marvin Bagley III","SAC",8556120
"PG",21,"LAL",47,45,30.3,3.9,9.7,0.406,1.6,4.9,0.329,2.3,4.9,0.482,0.488,0.4,1,0.417,1.1,4.2,5.3,5.4,1.5,0.4,2.2,2.4,9.9,"Lonzo Ball","NOP",8719320
"C",20,"ORL",47,1,16.3,2.5,5.2,0.481,0.4,1.5,0.3,2,3.7,0.555,0.525,0.8,1.3,0.587,1.4,3.6,5,0.8,0.3,1.4,0.9,2.2,6.2,"Mo Bamba","ORL",5697600
"PG",34,"DAL",38,0,19.8,4.2,10.1,0.418,1,3.4,0.297,3.2,6.8,0.479,0.468,1.4,2.1,0.705,0.3,2.2,2.5,5.6,0.6,0,1.9,1.3,10.9,"J.J. Barea","DAL",2564753
"SF",28,"DEN",43,38,27.7,4.3,10.7,0.402,1.6,4.6,0.342,2.7,6.1,0.447,0.475,1.3,1.7,0.77,0.7,3.9,4.6,2.9,0.4,0.5,1.5,1.9,11.5,"Will Barton","DEN",12960000
"SF",23,"MIN",30,3,16.8,2,4.7,0.423,0.4,1.7,0.25,1.6,3,0.522,0.468,0.6,0.9,0.643,0.5,2.2,2.8,0.6,0.6,0.5,0.5,1,5,"Keita Bates-Diop","DEN",1416852
"SF",30,"CHO",75,72,31.4,3.4,7.5,0.45,1.5,4,0.389,1.8,3.5,0.519,0.553,1,1.2,0.865,0.9,4.3,5.2,3.3,0.9,0.6,1.6,1.9,9.3,"Nicolas Batum","CHO",25565217
"C",32,"BOS",51,18,16.1,2.1,4.4,0.471,0.4,1.2,0.344,1.6,3.2,0.519,0.518,1,1.2,0.855,1.7,3,4.7,1.1,0.2,0.7,0.8,2.5,5.6,"Aron Baynes","PHO",5453280
"SG",29,"ATL",67,35,24.5,4.1,10.3,0.402,1.4,4.5,0.32,2.7,5.8,0.465,0.472,1.9,2.6,0.726,0.6,3.3,3.9,2.3,1.3,0.6,1.8,2.5,11.6,"Kent Bazemore","SAC",19269662
"SG",25,"WAS",82,82,36.9,9.3,19.6,0.475,2.5,7.3,0.351,6.8,12.4,0.548,0.54,4.4,5.5,0.808,1.1,3.9,5,5.5,1.5,0.7,2.7,2.8,25.6,"Bradley Beal","WAS",27093019
"SG",22,"DEN",81,18,23.2,4.3,9.1,0.474,2,5,0.402,2.3,4.1,0.56,0.584,0.7,0.8,0.848,0.4,2,2.5,1.2,0.7,0.1,0.7,1.4,11.3,"Malik Beasley","MIN",2731714
"SG",32,"SAS",79,1,23,3.6,8.7,0.413,1.9,5,0.372,1.7,3.7,0.468,0.52,1.4,1.6,0.903,0.2,2.3,2.5,1.7,0.4,0.1,0.9,1.5,10.5,"Marco Belinelli","SAS",5846154
"SG",24,"ATL",82,15,23.5,3.4,7.5,0.446,0.6,2.1,0.289,2.7,5.4,0.508,0.487,1.1,1.7,0.64,0.7,3.7,4.4,2.5,1.3,0.5,1.7,2.3,8.4,"DeAndre' Bembry","ATL",2603982
"PF",26,"SAS",76,12,21.5,2.7,6,0.45,1.9,4.4,0.429,0.8,1.5,0.513,0.61,0.7,0.8,0.883,0.3,3.2,3.5,1.3,0.5,0.4,0.6,1.8,8,"Dāvis Bertāns","WAS",7e+06
"PG",30,"LAC",78,49,27.4,2.5,6.1,0.407,1.4,3.6,0.397,1.1,2.5,0.421,0.524,1.2,1.6,0.78,1,4,5,3.8,0.9,0.6,1.1,3.4,7.6,"Patrick Beverley","LAC",12345679
"C",26,"ORL",50,1,12.9,1.8,3,0.603,0,0,0,1.8,3,0.607,0.603,1.2,1.7,0.699,1.6,2.2,3.8,0.8,0.4,0.6,0.4,1.4,4.8,"Khem Birch","ORL",3e+06
"PF",30,"SAC",77,70,23.2,3.7,7.7,0.479,1.3,3.3,0.401,2.4,4.4,0.539,0.566,0.9,1.2,0.761,1.6,4.1,5.8,1.9,0.7,0.7,1.1,2.6,9.6,"Nemanja Bjelica","SAC",6825000
"PG",29,"MIL",78,78,29.1,6,12.4,0.484,1.6,4.8,0.329,4.4,7.6,0.582,0.548,2.3,3,0.75,1.1,3.6,4.6,5.5,1.5,0.4,2.1,2,15.9,"Eric Bledsoe","MIL",15625000
"SG",26,"SAC",70,17,27.8,5.2,12.3,0.418,1.9,5.3,0.36,3.2,7,0.462,0.496,1.9,2.3,0.827,0.6,2.9,3.5,3.8,1,0.2,1.7,2,14.1,"Bogdan Bogdanović","SAC",8529386
"SF",29,"IND",81,81,31.8,6.4,13,0.497,2,4.8,0.425,4.4,8.2,0.538,0.575,3,3.8,0.807,0.4,3.7,4.1,2,0.9,0,1.7,1.7,18,"Bojan Bogdanović","UTA",1.7e+07
"PG",19,"LAL",22,0,5.5,0.2,1.5,0.152,0,0.4,0,0.2,1.1,0.2,0.152,0.4,0.7,0.6,0.4,0.7,1.1,0.7,0.4,0.2,0.3,0.4,0.9,"Isaac Bonga","WAS",1416852
"SG",22,"PHO",64,64,35,9.2,19.6,0.467,2.1,6.5,0.326,7,13.1,0.536,0.521,6.1,7.1,0.866,0.6,3.5,4.1,6.8,0.9,0.2,4.1,3.1,26.6,"Devin Booker","PHO",27250000
"PF",26,"TOR",28,0,5.8,1.2,2.7,0.447,0.4,1.3,0.324,0.8,1.4,0.564,0.526,0.5,0.5,0.867,0.6,1.4,2,0.1,0.2,0.9,0.3,1.1,3.3,"Chris Boucher","TOR",1588231
"SF",22,"PHO",82,56,29.5,3,6.9,0.43,1.3,3.8,0.335,1.7,3,0.548,0.523,1.2,1.4,0.805,0.7,2.5,3.2,2.1,1.6,0.5,0.9,2.5,8.3,"Mikal Bridges","PHO",4161000
"SF",20,"CHO",80,25,21.2,3,6.4,0.464,0.8,2.5,0.325,2.2,3.9,0.553,0.527,0.7,1,0.753,0.8,3.2,4,1.2,0.7,0.6,0.6,1.4,7.5,"Miles Bridges","CHO",3755400
"SG",28,"DAL",42,0,10.8,1.4,3,0.452,0.9,2.2,0.409,0.5,0.8,0.576,0.603,0.4,0.5,0.789,0.2,1.3,1.5,0.5,0.1,0.1,0.4,0.8,4,"Ryan Broekhoff","DAL",1443842
"SG",26,"MIL",64,64,28.6,5.9,11.7,0.505,1.6,3.8,0.426,4.3,7.9,0.544,0.575,2.2,2.4,0.928,1,3.5,4.5,3.2,0.7,0.2,1.4,1.6,15.6,"Malcolm Brogdon","IND",2e+07
"SF",23,"MEM",18,0,18.3,2.7,6.8,0.402,0.8,2.2,0.375,1.9,4.6,0.415,0.463,1.2,1.7,0.733,0.5,1.2,1.7,0.9,0.6,0.2,1.1,2.8,7.5,"Dillon Brooks","MEM",1618520
"SG",22,"DET",74,56,19.6,1.7,4.2,0.398,0.3,1.3,0.258,1.4,3,0.457,0.436,0.6,0.8,0.75,0.6,1.9,2.5,1.2,0.5,0.5,0.6,2.4,4.3,"Bruce Brown","DET",1416852
"SG",22,"BOS",74,25,25.9,5,10.7,0.465,1.3,3.7,0.344,3.7,7,0.529,0.525,1.8,2.7,0.658,0.9,3.4,4.2,1.4,0.9,0.4,1.3,2.5,13,"Jaylen Brown","BOS",6534829
"SG",23,"MIL",58,7,17.8,2.5,5.4,0.465,0.9,2.5,0.361,1.6,2.8,0.558,0.55,0.5,0.7,0.69,0.5,2.7,3.2,1.4,0.4,0.1,0.8,1.5,6.4,"Sterling Brown","MIL",1618520
"SF",19,"WAS",52,10,14,1.9,4.5,0.415,0.4,1.3,0.319,1.4,3.2,0.455,0.462,0.6,0.9,0.681,0.7,2.1,2.8,1.5,0.4,0.1,0.6,1.1,4.8,"Troy Brown Jr.","WAS",3219480
"PG",22,"DAL",73,38,21.8,3.6,7.7,0.467,0.9,2.5,0.348,2.8,5.3,0.523,0.523,1.2,1.6,0.725,0.3,2,2.3,3.2,0.5,0.1,1.2,1.7,9.3,"Jalen Brunson","DAL",1416582
"C",21,"WAS",72,53,20.8,4.3,7,0.616,0.5,1.4,0.333,3.8,5.6,0.685,0.648,1.5,1.9,0.781,1.6,4.7,6.3,1.3,0.3,0.9,0.8,1.8,10.5,"Thomas Bryant","WAS",7936508
"SG",25,"OKC",32,0,7.5,1,2.6,0.402,0.3,0.8,0.296,0.8,1.7,0.455,0.451,0.3,0.4,0.667,0.1,0.8,0.9,0.3,0.2,0.3,0.3,1,2.6,"Deonte Burton","OKC",1416852
"PF",23,"MEM",34,19,23.5,2.8,6.6,0.427,1.4,3.8,0.369,1.4,2.8,0.505,0.533,1.2,1.5,0.84,1.2,3.4,4.6,1.5,0.4,1,1.1,2.4,8.3,"Bruno Caboclo","HOU",1845301
"SG",25,"LAL",82,23,24.8,4,9.2,0.43,1.8,5.3,0.347,2.1,3.9,0.542,0.53,1.7,1.9,0.867,0.6,2.3,2.9,1.3,0.9,0.2,0.8,1.7,11.4,"Kentavious Caldwell-Pope","LAL",8089282
"PG",23,"MEM",39,3,14.8,1.4,4.7,0.303,0.9,2.6,0.333,0.6,2.1,0.265,0.395,0.7,0.8,0.813,0.4,1.3,1.7,1.8,0.7,0.3,0.8,1.4,4.4,"Jevon Carter","PHO",1416852
"PF",42,"ATL",76,9,17.5,2.6,6.2,0.419,1.6,4.2,0.389,1,2,0.48,0.55,0.6,0.9,0.712,0.4,2.1,2.6,1.1,0.6,0.4,0.6,1.9,7.4,"Vince Carter","ATL",2564753
"C",19,"CHI",44,44,25.2,4.1,8.4,0.485,0.1,0.7,0.188,4,7.7,0.513,0.493,2,2.5,0.795,2,5,7,1.8,0.6,1.3,1.5,3.5,10.3,"Wendell Carter Jr.","CHI",5201400
"PG",24,"LAL",25,4,21.2,3.1,6.9,0.445,1,2,0.48,2.1,4.9,0.431,0.514,2,2.6,0.797,0.8,1.9,2.7,3.1,1,0.4,1.7,2.2,9.2,"Alex Caruso","LAL",2750000
"C",25,"SAC",81,81,27.3,5.1,9.1,0.556,0,0,0.5,5.1,9.1,0.556,0.557,1.7,3.1,0.551,2.2,6.1,8.4,2.4,1.2,0.6,1,2.8,11.9,"Willie Cauley-Stein","DAL",2177483
"SG",26,"CLE",81,0,27.3,6.5,14.6,0.448,1.8,5.5,0.324,4.8,9.1,0.524,0.509,2,2.4,0.844,1,2.3,3.3,2.4,0.7,0.2,1.7,1.4,16.8,"Jordan Clarkson","UTA",13437500
"PF",21,"ATL",61,59,30,7.6,13.6,0.56,0.9,2.6,0.348,6.7,11,0.609,0.593,3.3,4.4,0.763,3.6,6.2,9.8,2,0.4,0.6,2,3.3,19.5,"John Collins","ATL",2686560
"C",21,"POR",77,0,17.6,2.5,5.2,0.473,0.5,1.6,0.331,1.9,3.6,0.534,0.523,1.2,1.6,0.746,1.4,2.8,4.2,0.9,0.3,0.9,1,2.3,6.6,"Zach Collins","POR",4240200
"PG",31,"MEM",70,70,33.5,7,16,0.438,2.2,6.1,0.364,4.8,9.9,0.483,0.507,4.9,5.8,0.845,0.6,2.8,3.4,6.4,1.3,0.3,1.9,1.8,21.1,"Mike Conley","UTA",32511623
"SG",26,"MIL",61,2,20.7,2.7,5.7,0.466,1.1,3.3,0.33,1.6,2.5,0.647,0.56,0.5,0.7,0.725,1,3.2,4.2,2,0.5,0.4,0.5,1.3,6.9,"Pat Connaughton","MIL",1723050
"PG",25,"GSW",74,10,14.3,2.8,5.9,0.465,1.1,2.7,0.405,1.7,3.2,0.515,0.557,0.3,0.4,0.769,0.3,1.8,2.1,1.6,0.3,0,0.7,1.2,6.9,"Quinn Cook","LAL",3e+06
"C",28,"GSW",30,30,25.7,5.9,12.4,0.48,0.9,3.2,0.274,5.1,9.2,0.551,0.515,3.5,4.8,0.736,1.4,6.8,8.2,3.6,1.3,1.5,2.4,3.6,16.3,"DeMarcus Cousins","LAL",3500000
"SG",26,"BRK",43,20,26.3,3.2,8.7,0.367,2.3,6,0.378,0.9,2.7,0.342,0.499,1,1.3,0.732,0.4,3.1,3.4,1.1,0.5,0.3,1.1,2.4,9.6,"Allen Crabbe","MIN",17818456
"SF",28,"DEN",75,37,20,2.1,4.8,0.442,0.8,2.5,0.324,1.3,2.3,0.569,0.526,0.7,0.9,0.7,1.2,2.3,3.5,1,0.5,0.6,0.6,2.3,5.7,"Torrey Craig","DEN",2100000
"SG",38,"PHO",64,0,18.9,2.7,6.8,0.397,1,3.2,0.332,1.7,3.7,0.453,0.474,1.5,1.7,0.845,0.1,1.2,1.3,3.6,0.5,0.2,1.5,1.2,7.9,"Jamal Crawford","BRK",289803
"SF",28,"UTA",80,11,27.1,4,10,0.399,2.2,6.5,0.331,1.8,3.4,0.527,0.508,1.8,2.5,0.721,0.8,4.1,4.8,1.7,0.8,0.4,1.1,2.1,11.9,"Jae Crowder","MIA",7815533
"SG",28,"POR",74,2,18.9,2.9,6.3,0.456,1.5,3.4,0.45,1.3,2.9,0.463,0.577,0.6,0.7,0.846,0.4,1.3,1.6,0.9,0.5,0.2,0.8,1.3,7.9,"Seth Curry","DAL",7441860
"PG",30,"GSW",69,69,33.8,9.2,19.4,0.472,5.1,11.7,0.437,4,7.7,0.525,0.604,3.8,4.2,0.916,0.7,4.7,5.3,5.2,1.3,0.4,2.8,2.4,27.3,"Stephen Curry","GSW",40231758
"C",25,"NOP",56,56,33,9.5,18.3,0.517,0.9,2.6,0.331,8.6,15.7,0.547,0.54,6.1,7.7,0.794,3.1,8.9,12,3.9,1.6,2.4,2,2.4,25.9,"Anthony Davis","LAL",27093019
"C",29,"BRK",81,1,17.9,2.3,3.7,0.616,0,0,0,2.3,3.7,0.62,0.616,1.2,2,0.617,2.7,5.9,8.6,0.8,0.4,0.4,0.8,2.8,5.8,"Ed Davis","UTA",4767000
"C",29,"ATL",64,52,25.1,4,8.2,0.492,1.3,3.4,0.382,2.8,4.8,0.57,0.571,1.4,1.8,0.814,1.6,5.9,7.5,1.4,1.1,1.1,1.3,3.3,10.8,"Dewayne Dedmon","ATL",13333334
"SF",33,"MIN",22,2,17.8,2.7,5.4,0.5,0.6,2,0.318,2,3.4,0.608,0.559,1.1,1.6,0.714,0.9,2.4,3.3,0.8,0.7,0.4,0.6,1.1,7.1,"Luol Deng","LAL",4990000
"SG",29,"SAS",77,77,34.9,8.2,17.1,0.481,0.1,0.6,0.156,8.1,16.5,0.492,0.483,4.8,5.7,0.83,0.7,5.3,6,6.2,1.1,0.5,2.6,2.3,21.2,"DeMar DeRozan","SAS",27739975
"PF",22,"NOP",64,1,14,2.6,4.2,0.62,0,0.1,0.25,2.6,4.2,0.625,0.622,0.8,1,0.746,1.2,4,5.2,0.5,0.5,0.5,0.8,1.8,6,"Cheick Diallo","PHO",1678854
"SG",20,"OKC",51,3,10.3,1.5,3.2,0.455,0.1,0.5,0.167,1.4,2.8,0.504,0.467,0.7,1.2,0.61,0.7,1.2,1.9,0.3,0.4,0.2,0.5,1.5,3.7,"Hamidou Diallo","OKC",1416852
"C",29,"MIN",76,2,13.6,2.5,5,0.501,0.3,0.7,0.339,2.2,4.2,0.53,0.527,1.2,1.4,0.83,1.1,3,4.1,0.9,0.6,0.5,0.8,1.8,6.4,"Gorgui Dieng","MEM",16229213
"PG",25,"BRK",68,4,28.1,5.4,12.2,0.442,1.8,5.4,0.335,3.6,6.7,0.528,0.517,4.2,5.2,0.806,0.4,2.1,2.4,4.6,0.6,0.3,2.2,2.8,16.8,"Spencer Dinwiddie","BRK",10600000
"SG",22,"MIL",27,0,15.2,1.9,4.6,0.403,0.8,3.1,0.265,1,1.5,0.683,0.492,0.3,0.4,0.75,0.6,1.8,2.4,1.1,0.5,0.2,0.7,1.4,4.9,"Donte DiVincenzo","MIL",2905800
"SG",19,"DAL",72,72,32.2,7,16.5,0.427,2.3,7.1,0.327,4.7,9.3,0.503,0.497,4.8,6.7,0.713,1.2,6.6,7.8,6,1.1,0.3,3.4,1.9,21.2,"Luka Dončić","DAL",7683360
"SG",24,"NYK",73,40,27.5,4,9.6,0.415,1.7,4.7,0.368,2.2,4.9,0.461,0.506,1,1.3,0.745,0.5,3.1,3.6,1.8,0.8,0.1,1,1.8,10.7,"Damyean Dotson","NYK",1618520
"SG",22,"BOS",6,0,8.5,1.3,3.5,0.381,0.3,1.3,0.25,1,2.2,0.462,0.429,0.2,0.3,0.5,1,1.8,2.8,0.8,0.3,0,0,0.3,3.2,"PJ Dozier","DEN",183115
"PG",32,"MIA",36,22,27.5,5,12,0.413,1.6,4.6,0.348,3.4,7.5,0.454,0.479,2.2,2.8,0.782,0.6,2.5,3.1,4.8,0.8,0.1,2,2.3,13.7,"Goran Dragić","MIA",19217900
"C",25,"DET",79,79,33.5,7.1,13.3,0.533,0.1,0.5,0.132,7,12.8,0.548,0.536,3.1,5.2,0.59,5.4,10.2,15.6,1.4,1.7,1.7,2.2,3.4,17.3,"Andre Drummond","CLE",27093019
"PF",33,"BRK",59,25,20.7,1.7,4.1,0.423,0.9,2.6,0.351,0.8,1.5,0.545,0.533,0.5,0.8,0.696,0.6,2.1,2.6,1.4,0.6,0.3,0.7,2.2,4.9,"Jared Dudley","LAL",2564753
"PG",24,"CHI",46,44,30.2,4.7,11,0.425,0.7,2.1,0.354,3.9,8.9,0.441,0.458,1.2,1.5,0.797,0.4,3.7,4.1,6,1.5,0.5,2.3,3.6,11.3,"Kris Dunn","CHI",5348007
"SF",30,"GSW",78,78,34.6,9.2,17.7,0.521,1.8,5,0.353,7.5,12.8,0.587,0.571,5.7,6.5,0.885,0.4,5.9,6.4,5.9,0.7,1.1,2.9,2,26,"Kevin Durant","BRK",37199000
"C",24,"PHI",64,64,33.7,9.1,18.7,0.484,1.2,4.1,0.3,7.8,14.6,0.535,0.517,8.2,10.1,0.804,2.5,11.1,13.6,3.7,0.7,1.9,3.5,3.3,27.5,"Joel Embiid","PHI",27504630
"SG",21,"GSW",30,1,6.8,0.6,1.8,0.34,0.1,0.5,0.267,0.5,1.3,0.368,0.377,0,0,0,0.2,0.6,0.8,0.8,0.2,0.1,0.4,0.9,1.3,"Jacob Evans","MIN",1925880
"PG",23,"UTA",42,1,15.8,2.4,5.7,0.419,0.4,1.5,0.29,2,4.3,0.464,0.456,1.6,2,0.791,0.4,1.2,1.6,2.6,0.3,0.1,1.2,1.6,6.9,"Dante Exum","CLE",9600000
"C",27,"UTA",76,70,23.2,4.8,8.1,0.586,0.2,1,0.218,4.6,7.1,0.64,0.6,2,3,0.675,2.7,4.6,7.4,1.2,0.7,1.4,1.1,2.1,11.8,"Derrick Favors","NOP",17650000
"C",26,"CHI",60,0,12.4,1.6,3,0.531,0,0.1,0,1.6,2.9,0.543,0.531,0.8,1.2,0.685,1.3,2.3,3.6,0.6,0.2,0.1,0.6,1.2,4,"Cristiano Felício","CHI",8156500
"SG",20,"OKC",74,74,26.1,2.5,5.8,0.429,1.4,3.9,0.366,1.1,1.9,0.56,0.552,0.5,0.7,0.725,0.4,1.5,1.9,1,0.5,0.2,0.6,3.1,6.9,"Terrance Ferguson","OKC",2475840
"PG",25,"SAC",71,3,15,2.2,5,0.435,0.8,2.1,0.362,1.4,2.9,0.488,0.511,0.8,0.9,0.896,0.2,1.4,1.5,1.9,0.5,0.1,0.6,0.9,5.9,"Yogi Ferrell","SAC",3150000
"SF",25,"DAL",81,26,24.5,2.8,6.5,0.432,1,3.1,0.311,1.8,3.4,0.544,0.507,0.9,1.3,0.709,1.7,3.1,4.8,1.2,0.9,0.4,0.9,2.3,7.5,"Dorian Finney-Smith","DAL",4e+06
"SG",25,"SAS",82,81,28,4.4,9.6,0.456,2.1,5,0.426,2.3,4.6,0.489,0.568,0.8,1,0.885,0.2,2.7,2.9,2.1,0.5,0,1,1.9,11.8,"Bryn Forbes","SAS",2875000
"SG",26,"ORL",81,81,31.5,5.8,13.2,0.438,1.9,5.6,0.34,3.9,7.6,0.509,0.509,1.7,2.1,0.806,0.5,2.7,3.2,3.6,0.9,0.1,1.9,2.8,15.1,"Evan Fournier","ORL",1.7e+07
"PG",21,"SAC",81,81,31.4,6.2,13.6,0.458,1.1,2.9,0.371,5.2,10.7,0.482,0.497,3.7,5.1,0.727,0.5,3.2,3.8,7.3,1.6,0.6,2.8,2.5,17.3,"De'Aaron Fox","SAC",6392760
"SG",22,"ORL",10,0,4.4,0.7,2.1,0.333,0,0.6,0,0.7,1.5,0.467,0.333,0.1,0.4,0.25,0.3,0.2,0.5,0.1,0.1,0,0.1,0.6,1.5,"Melvin Frazier","ORL",1416852
"SG",20,"PHI",19,15,22.5,3.4,8.2,0.419,0.2,0.7,0.286,3.2,7.4,0.433,0.432,1.1,1.9,0.568,1.4,2.3,3.7,3.1,0.9,0.3,1.3,2.7,8.2,"Markelle Fultz","ORL",9745200
"SF",30,"LAC",68,68,30.3,6,13,0.463,2.4,5.5,0.433,3.6,7.5,0.484,0.554,5.4,6,0.904,0.8,5.3,6.1,2.6,0.7,0.3,1.5,1.9,19.8,"Danilo Gallinari","OKC",22615559
"SG",27,"DET",80,4,21.8,2.9,7.3,0.388,1.7,4.8,0.355,1.2,2.6,0.449,0.503,1,1.2,0.844,0.6,1.5,2.1,1.1,0.5,0.1,0.3,1.7,8.4,"Langston Galloway","DET",7333333
"PF",32,"SAS",69,51,26.7,5.4,10.8,0.504,1.1,2.7,0.402,4.4,8.1,0.537,0.554,1.7,2.1,0.816,0.9,5.9,6.8,2.6,0.8,0.5,1.7,2.3,13.7,"Rudy Gay","SAS",1.4e+07
"SF",28,"OKC",77,77,36.9,9.2,21,0.438,3.8,9.8,0.386,5.4,11.1,0.484,0.529,5.9,7,0.839,1.4,6.8,8.2,4.1,2.2,0.4,2.7,2.8,28,"Paul George","LAC",33005556
"PF",33,"MIN",70,57,24.1,4.3,7.7,0.566,0.2,0.5,0.324,4.2,7.2,0.583,0.576,1.9,2.5,0.757,2.5,4.1,6.5,1.2,0.8,0.6,1,2.7,10.8,"Taj Gibson","NYK",9800000
"PF",20,"SAC",58,0,14.1,3,6,0.503,0,0.1,0,3,5.9,0.512,0.503,1,1.6,0.637,1.1,2.7,3.8,1.5,0.5,0.4,1.3,2.6,7,"Harry Giles","SAC",2578800
"PG",20,"LAC",82,73,26.5,4.2,8.7,0.476,0.6,1.7,0.367,3.5,7,0.503,0.512,1.9,2.4,0.8,0.7,2.1,2.8,3.3,1.2,0.5,1.7,2.1,10.8,"Shai Gilgeous-Alexander","OKC",3952920
"PG",23,"DEN",16,0,3.6,0.4,1.4,0.261,0.1,0.4,0.333,0.3,1.1,0.235,0.304,0.6,0.7,0.818,0.1,0.1,0.2,0.9,0,0,0.2,0.4,1.4,"Brandon Goodwin","ATL",522738
"PF",23,"ORL",78,78,33.8,6,13.4,0.449,1.6,4.4,0.349,4.5,9,0.499,0.507,2.4,3.2,0.731,1.7,5.7,7.4,3.7,0.7,0.7,2.1,2.2,16,"Aaron Gordon","ORL",19863636
"SG",30,"HOU",68,53,31.7,5.6,13.8,0.409,3.2,8.8,0.36,2.5,5,0.497,0.525,1.8,2.2,0.783,0.3,1.9,2.2,1.9,0.6,0.4,1.3,2.1,16.2,"Eric Gordon","HOU",14057730
"PG",23,"CHO",46,3,14.7,1.6,4.7,0.343,0.7,2.6,0.281,0.9,2.1,0.421,0.421,0.8,1,0.761,0.2,1.2,1.4,2.6,0.5,0,0.7,1,4.7,"Devonte' Graham","CHO",1416852
"SG",25,"BRK",35,21,20.4,1.8,5.5,0.335,1.1,3.7,0.297,0.7,1.8,0.413,0.435,0.5,0.6,0.818,0.7,2.4,3.1,1,0.4,0.2,0.5,1.9,5.3,"Treveon Graham","ATL",1678854
"PF",24,"OKC",80,77,32.7,5.1,10.3,0.497,1.4,3.7,0.392,3.7,6.6,0.555,0.567,2,2.8,0.71,1.2,4,5.2,1,0.8,1.3,0.8,2.7,13.6,"Jerami Grant","DEN",9346153
"PG",26,"ORL",60,1,15.7,1.5,3.7,0.418,0.7,1.8,0.364,0.9,1.8,0.473,0.509,0.4,0.7,0.65,0.3,1.3,1.6,2.6,0.7,0.1,0.9,1.3,4.2,"Jerian Grant","WAS",196288
"SG",31,"TOR",80,80,27.7,3.7,7.9,0.465,2.5,5.4,0.455,1.2,2.4,0.487,0.622,0.5,0.6,0.841,0.8,3.2,4,1.6,0.9,0.7,0.9,2.1,10.3,"Danny Green","LAL",14634146
"PF",28,"GSW",66,66,31.3,2.8,6.4,0.445,0.7,2.5,0.285,2.1,3.9,0.549,0.501,1,1.4,0.692,0.9,6.4,7.3,6.9,1.4,1.1,2.6,3,7.4,"Draymond Green","GSW",18539130
"SG",33,"HOU",73,0,20.2,3.2,7.9,0.4,2.1,6,0.354,1,1.9,0.547,0.535,0.8,0.9,0.838,0.4,2.1,2.5,0.5,0.5,0.4,0.8,1.7,9.2,"Gerald Green","DEN",2564753
"PF",29,"DET",75,75,35,8.3,17.9,0.462,2.5,7,0.362,5.7,10.9,0.525,0.532,5.5,7.3,0.753,1.3,6.2,7.5,5.4,0.7,0.4,3.4,2.7,24.5,"Blake Griffin","DET",34234964
"SG",25,"MEM",2,0,13,1.5,6,0.25,0,2.5,0,1.5,3.5,0.429,0.25,1,1,1,0,0.5,0.5,2.5,0.5,0,0.5,0.5,4,"Dusty Hannahs","MEM",81678
"PG",29,"HOU",78,78,36.8,10.8,24.5,0.442,4.8,13.2,0.368,6,11.3,0.528,0.541,9.7,11,0.879,0.8,5.8,6.6,7.5,2,0.7,5,3.1,36.1,"James Harden","HOU",37800000
"SF",25,"POR",60,53,23.6,3.2,6.5,0.487,0.6,2,0.275,2.6,4.5,0.582,0.53,0.8,1.2,0.671,1.3,3.2,4.5,1.2,1.1,0.9,0.8,2.7,7.7,"Maurice Harkless","NYK",11511234
"C",25,"LAC",82,5,26.3,6.7,10.8,0.615,0,0.2,0.176,6.6,10.6,0.623,0.617,3.2,5,0.643,2.2,4.3,6.5,2,0.9,1.3,1.6,3.1,16.6,"Montrezl Harrell","LAC",6e+06
"SG",24,"DEN",57,48,28.8,4.7,11.2,0.424,1.4,4.2,0.339,3.3,6.9,0.476,0.488,2,2.5,0.799,0.7,2.1,2.8,2.2,1,0.3,1.2,2,12.9,"Gary Harris","DEN",17839286
"SG",27,"BRK",76,76,30.2,4.9,9.8,0.5,2.4,5.1,0.474,2.5,4.8,0.528,0.622,1.4,1.8,0.827,0.7,3.1,3.8,2.4,0.5,0.2,1.6,2.4,13.7,"Joe Harris","BRK",7670000
"SG",25,"CHI",73,11,19.6,2.5,5.8,0.432,0.3,1.2,0.27,2.2,4.6,0.475,0.46,1.1,1.7,0.667,0.5,2.6,3,1.9,1.2,0.4,0.8,1.7,6.5,"Shaquille Harrison","CHI",898310
"PF",20,"HOU",28,0,7.9,0.7,1.5,0.488,0.1,0.2,0.333,0.6,1.3,0.514,0.512,0.4,0.5,0.786,0.8,0.9,1.7,0.5,0.3,0.4,0.5,2,1.9,"Isaiah Hartenstein","HOU",1416852
"SG",23,"LAL",67,22,25.6,2.8,6.9,0.407,1.4,4.1,0.336,1.4,2.8,0.511,0.506,0.8,1.2,0.688,0.5,3.2,3.7,1.4,1,0.6,0.9,2.2,7.8,"Josh Hart","NOP",1934160
"C",38,"MIA",10,1,7.4,1.1,3.3,0.333,0,1.2,0,1.1,2.1,0.524,0.333,0.3,0.4,0.75,0.3,2.4,2.7,0.2,0,0,0.3,0.9,2.5,"Udonis Haslem","MIA",2564753
"PF",28,"BOS",72,18,25.9,4.1,8.8,0.466,1.1,3.2,0.333,3,5.6,0.542,0.527,2.2,2.6,0.834,0.7,3.8,4.5,3.4,0.9,0.3,1.5,1.4,11.5,"Gordon Hayward","BOS",32700690
"C",28,"MIL",14,0,13.4,2.2,4.8,0.463,0.8,2.2,0.355,1.4,2.6,0.556,0.545,0.4,0.7,0.6,1.1,3.9,5.1,1,0.5,0.8,0.9,1.1,5.6,"John Henson","DET",9732396
"PF",23,"DEN",70,25,19.4,2,4.5,0.439,0.9,2.6,0.365,1,1.9,0.541,0.545,0.9,1.2,0.767,0.9,2.9,3.8,0.8,0.4,0.3,0.5,1.3,5.8,"Juan Hernangómez","MIN",3321030
"C",24,"CHO",58,3,14,2.6,5.1,0.519,0.3,0.7,0.385,2.4,4.4,0.539,0.544,1.7,2.5,0.694,2,3.3,5.4,1,0.3,0.3,1,1.7,7.3,"Willy Hernangómez","CHO",1676735
"SF",23,"NYK",58,24,20.8,3.3,8,0.412,0.7,2.6,0.276,2.6,5.4,0.478,0.457,1.5,2,0.763,0.5,3.6,4.1,1.5,1,0.1,1.5,1.9,8.8,"Mario Hezonja","POR",1737145
"SG",26,"SAC",82,82,31.9,7.6,16.6,0.458,3.4,7.9,0.427,4.2,8.6,0.487,0.56,2.1,2.4,0.886,1.3,3.7,5,2.5,0.7,0.4,1.8,2.5,20.7,"Buddy Hield","SAC",4861208
"C",36,"HOU",42,2,13,1.4,2.8,0.517,0,0.1,0,1.4,2.7,0.531,0.517,0.7,1.1,0.66,0.8,2.1,2.9,0.6,0.4,0.4,0.3,2.1,3.6,"Nenê","ATL",2564753
"SF",27,"NOP",44,15,20,1.5,4,0.382,0.7,2.3,0.317,0.8,1.8,0.468,0.472,0.5,0.7,0.719,0.8,2.3,3,1.3,0.5,0.2,0.7,1.8,4.3,"Solomon Hill","MIA",13258781
"PG",22,"IND",50,0,12.9,2.1,5.2,0.401,0.9,2.5,0.339,1.2,2.7,0.459,0.483,0.8,1,0.82,0.1,1.2,1.3,1.7,0.4,0.3,0.8,1.4,5.9,"Aaron Holiday","IND",2239200
"SG",28,"NOP",67,67,35.9,8.2,17.3,0.472,1.8,5.4,0.325,6.4,11.9,0.539,0.523,3.1,4,0.768,1.1,3.9,5,7.7,1.6,0.8,3.1,2.2,21.2,"Jrue Holiday","NOP",26131111
"SF",24,"BRK",59,21,20.9,3.4,8.3,0.411,0.2,0.8,0.184,3.2,7.4,0.436,0.42,2,3.1,0.645,1.4,3.8,5.3,1.6,0.7,0.5,1.2,1.8,8.9,"Rondae Hollis-Jefferson","TOR",2500000
"C",32,"BOS",68,68,29,5.7,10.6,0.535,1.1,3,0.36,4.6,7.6,0.604,0.586,1.1,1.4,0.821,1.8,5,6.7,4.2,0.9,1.3,1.5,1.9,13.6,"Al Horford","PHI",2.8e+07
"SF",25,"HOU",39,13,25.1,3,6.5,0.468,1.9,4.6,0.416,1.1,1.9,0.595,0.615,1.4,1.8,0.789,0.6,2.9,3.6,1,0.5,0.3,0.9,2.1,9.4,"Danuel House","HOU",3540000
"SG",20,"ATL",75,59,27.3,3.7,8.8,0.419,1.8,4.7,0.385,1.9,4.1,0.457,0.522,0.5,0.7,0.732,0.8,2.5,3.3,2.9,0.9,0.3,1.5,2.1,9.7,"Kevin Huerter","ATL",2636280
"SF",22,"CHI",44,14,20.3,2.2,4.8,0.459,0.3,1.1,0.28,1.9,3.6,0.516,0.493,0.5,0.9,0.605,0.7,3.5,4.2,0.8,0.5,0.1,0.6,1.3,5.2,"Chandler Hutchison","CHI",2332320
"C",29,"TOR",74,51,27.2,6.3,11.9,0.529,0.7,2.3,0.29,5.6,9.6,0.586,0.557,1.8,2.4,0.763,2.1,6,8.1,1.3,0.4,1.4,1.5,2.9,15,"Serge Ibaka","TOR",23271604
"SF",35,"GSW",68,13,23.2,2.2,4.4,0.5,0.7,2.1,0.333,1.5,2.3,0.652,0.579,0.6,1,0.582,0.7,3,3.7,3.2,0.9,0.8,0.8,1.4,5.7,"Andre Iguodala","MIA",17185185
"PF",31,"MIL",67,7,18.4,2.5,5.7,0.438,0.9,2.4,0.363,1.6,3.3,0.493,0.514,0.9,1.1,0.824,1.4,3.1,4.5,0.8,0.5,0.3,0.7,2.6,6.8,"Ersan İlyasova","MIL",7e+06
"PF",31,"UTA",82,82,31.3,4.4,9.8,0.448,2.3,5.9,0.391,2.1,3.9,0.533,0.565,1.1,1.5,0.707,0.4,3.6,4,5.7,1.2,0.2,2.4,2.2,12.1,"Joe Ingles","UTA",11954546
"SF",21,"LAL",52,52,33.8,7,14,0.497,0.6,1.8,0.33,6.4,12.2,0.521,0.518,3.8,5.6,0.675,0.8,4.3,5.1,3,0.5,0.6,2.5,2.9,18.3,"Brandon Ingram","NOP",7265485
"PG",26,"BOS",67,67,33,9,18.5,0.487,2.6,6.5,0.401,6.4,12,0.533,0.557,3.2,3.7,0.873,1.1,3.9,5,6.9,1.5,0.5,2.6,2.5,23.8,"Kyrie Irving","BRK",31742000
"PF",21,"ORL",75,64,26.6,3.5,8.1,0.429,1.1,3.5,0.323,2.3,4.6,0.51,0.499,1.5,1.8,0.815,1.3,4.2,5.5,1.1,0.8,1.3,1,1.9,9.6,"Jonathan Isaac","ORL",5806440
"SF",24,"ORL",68,13,18.1,1.7,4,0.412,0.4,1.2,0.367,1.2,2.9,0.431,0.465,1.2,1.5,0.816,0.5,2.2,2.7,1.1,0.4,0.3,0.6,1.8,5,"Wesley Iwundu","ORL",1618520
"PG",24,"PHI",6,0,6.5,1.3,2.5,0.533,0.3,1,0.333,1,1.5,0.667,0.6,0.7,0.7,1,0.3,0.2,0.5,0.8,0.3,0,0.2,0.7,3.7,"Demetrius Jackson","BOS",92857
"PG",20,"NOP",61,16,19.2,3.2,7.3,0.434,0.9,2.8,0.314,2.3,4.6,0.507,0.493,0.9,1.2,0.74,0.4,1.8,2.2,1.1,0.4,0,0.8,1.5,8.1,"Frank Jackson","NOP",1618520
"PF",19,"MEM",58,56,26.1,5.1,10.2,0.506,0.9,2.4,0.359,4.3,7.7,0.553,0.549,2.6,3.4,0.766,1.3,3.4,4.7,1.1,0.9,1.4,1.7,3.8,13.8,"Jaren Jackson Jr.","MEM",6927480
"SG",21,"PHO",79,29,25.2,4.4,10.6,0.413,0.9,2.8,0.324,3.5,7.8,0.445,0.456,1.8,2.7,0.671,0.8,3.6,4.4,2.3,0.9,0.7,2.2,2.6,11.5,"Josh Jackson","MEM",7059480
"SF",34,"LAL",55,55,35.2,10.1,19.9,0.51,2,5.9,0.339,8.1,14,0.582,0.56,5.1,7.6,0.665,1,7.4,8.5,8.3,1.3,0.6,3.6,1.7,27.4,"LeBron James","LAL",37436858
"PF",22,"IND",14,0,4.6,0.3,1.1,0.25,0.1,0.1,0.5,0.2,1,0.214,0.281,0.3,0.6,0.5,0.3,1.1,1.4,0.1,0.1,0.2,0,0.5,0.9,"Alize Johnson","IND",1416852
"PF",31,"MIA",55,33,21.2,3,6.9,0.433,0.9,2.7,0.336,2.1,4.2,0.496,0.499,0.9,1.3,0.714,0.4,2.8,3.2,2.5,0.6,0.5,1.3,2.1,7.8,"James Johnson","MIN",15349400
"C",23,"DEN",80,80,31.3,7.7,15.1,0.511,1,3.4,0.307,6.7,11.7,0.569,0.545,3.6,4.4,0.821,2.9,8,10.8,7.3,1.4,0.7,3.1,2.9,20.1,"Nikola Jokić","DEN",26573595
"SF",21,"MIA",60,14,19.2,2.7,5.4,0.494,0.5,1.5,0.308,2.2,3.9,0.567,0.537,1.2,2,0.607,1.6,2.4,4,0.6,0.8,0.7,0.7,2.1,7,"Derrick Jones Jr.","MIA",1645357
"SF",23,"LAL",6,2,23.8,2,5.5,0.364,0.3,1.7,0.2,1.7,3.8,0.435,0.394,0.2,0.3,0.5,2.7,5.5,8.2,2.2,1.2,0.8,0.8,1.7,4.5,"Jemerrio Jones","WAS",199000
"PG",22,"MIN",68,23,22.9,2.7,6.6,0.415,0.6,1.9,0.317,2.1,4.7,0.453,0.46,0.9,1,0.841,0.3,1.6,2,4.8,1.2,0.1,0.7,1.1,6.9,"Tyus Jones","MEM",8408000
"PG",27,"IND",82,9,25.2,2.8,6.7,0.412,0.7,2.1,0.322,2.1,4.6,0.454,0.463,0.4,0.5,0.698,0.5,2.9,3.4,3.9,1.1,0.3,1,1.6,6.5,"Cory Joseph","SAC",1.2e+07
"C",25,"CHO",47,0,16.1,2.9,6.3,0.463,1.1,3,0.36,1.9,3.4,0.553,0.547,1.7,2.3,0.738,0.8,2.6,3.5,1.3,0.3,0.3,0.9,1.4,8.6,"Frank Kaminsky","PHO",4767000
"SG",22,"DET",63,10,22.8,3.6,8.3,0.438,1.7,4.3,0.394,1.9,4,0.486,0.54,0.8,1,0.836,0.2,2.7,2.9,1.8,0.4,0.2,0.9,1.5,9.7,"Luke Kennard","DET",3827160
"PF",27,"DAL",71,18,21.2,2.5,5.4,0.453,1.1,3.1,0.353,1.4,2.4,0.583,0.553,0.8,1,0.784,1.3,3.4,4.6,1,0.5,1.1,0.8,2,6.8,"Maxi Kleber","DAL",8e+06
"PF",19,"NYK",75,57,28.8,4.5,12.2,0.37,1.7,4.9,0.343,2.8,7.3,0.387,0.438,2.2,3,0.717,0.8,3.7,4.5,1.1,0.6,0.3,1.5,2.3,12.8,"Kevin Knox","NYK",4380120
"SG",21,"PHI",48,7,14.1,2,5.1,0.4,1,3,0.326,1.1,2.1,0.505,0.496,0.8,0.9,0.818,0.3,1.9,2.2,1.1,0.6,0,0.5,1.3,5.8,"Furkan Korkmaz","PHI",1620564
"PF",23,"NYK",46,18,17,2.3,6.2,0.378,1.5,4.2,0.363,0.8,2,0.411,0.502,0.8,1,0.826,0.6,2.3,2.9,1.2,0.6,0.9,0.5,0.9,7,"Luke Kornet","CHI",2195122
"SF",20,"BRK",63,46,20.5,3.2,7.1,0.45,0.9,2.9,0.315,2.3,4.2,0.543,0.514,1.1,1.5,0.783,0.9,3,3.9,0.8,0.7,0.4,1.2,2.3,8.5,"Rodions Kurucs","BRK",1699236
"PF",23,"LAL",70,68,33.1,7.1,15.5,0.456,1.8,6,0.303,5.3,9.5,0.553,0.515,2.7,3.6,0.752,0.9,4.6,5.5,2.5,0.6,0.4,1.9,2.4,18.7,"Kyle Kuzma","LAL",1974600
"SG",26,"CHO",79,55,28.5,5.5,12.4,0.44,1.5,4.2,0.348,4,8.2,0.487,0.499,2.9,3.3,0.888,0.8,4.7,5.5,2.2,1.1,0.4,1,1.8,15.3,"Jeremy Lamb","IND",10500000
"SG",23,"CHI",63,62,34.5,8.4,18,0.467,1.9,5.1,0.374,6.5,12.9,0.504,0.52,5,6,0.832,0.6,4,4.7,4.5,1,0.4,3.4,2.2,23.7,"Zach LaVine","CHI",19500000
"SF",24,"POR",71,33,18.7,3,6,0.509,0.8,2.5,0.326,2.2,3.4,0.646,0.579,0.7,1,0.704,0.8,2.3,3.1,0.7,0.4,0.4,0.6,1.6,7.6,"Jake Layman","MIN",3581986
"PF",21,"IND",58,1,9,1.7,3.2,0.541,0.1,0.5,0.258,1.6,2.6,0.599,0.563,0.3,0.5,0.613,0.7,1.4,2.2,0.4,0.2,0.3,0.2,0.6,3.9,"T.J. Leaf","IND",2813280
"SG",26,"GSW",32,0,11.7,1.8,4,0.441,0.8,2.1,0.397,0.9,1.8,0.492,0.547,0.6,0.7,0.864,0.3,1.8,2,0.4,0.4,0,0.3,0.9,4.9,"Damion Lee","GSW",842327
"C",25,"ATL",77,31,20.1,4.2,8.4,0.494,1,2.6,0.363,3.2,5.8,0.554,0.551,1.8,2.8,0.648,2.1,3.5,5.5,1.1,0.4,0.9,1.3,2.6,11.1,"Alex Len","SAC",4160000
"SF",27,"TOR",60,60,34,9.3,18.8,0.496,1.9,5,0.371,7.5,13.8,0.542,0.546,6.1,7.1,0.854,1.3,6,7.3,3.3,1.8,0.4,2,1.5,26.6,"Kawhi Leonard","LAC",32742000
"C",26,"POR",61,2,14.4,2.2,4,0.545,0.8,1.8,0.45,1.3,2.1,0.626,0.649,0.7,0.8,0.843,0.8,3,3.8,1.2,0.2,0.1,0.7,1.7,5.9,"Meyers Leonard","MIA",11286515
"PF",29,"DET",41,1,9.8,1.6,2.8,0.584,0,0.3,0.091,1.6,2.5,0.637,0.588,0.6,0.8,0.742,0.7,1.7,2.4,0.3,0.3,0.1,0.6,1.5,3.8,"Jon Leuer","MIL",3169348
"SF",24,"BRK",40,25,26.6,5.2,12.1,0.429,1.2,3.9,0.312,4,8.2,0.483,0.478,2.1,3.1,0.691,0.9,2.9,3.8,3.9,1.1,0.4,1.7,1.9,13.7,"Caris LeVert","BRK",2625718
"PG",28,"POR",80,80,35.5,8.5,19.2,0.444,3,8,0.369,5.6,11.1,0.499,0.522,5.9,6.4,0.912,0.9,3.8,4.6,6.9,1.1,0.4,2.7,1.9,25.8,"Damian Lillard","POR",29802321
"PG",33,"GSW",64,0,15.1,1.7,3.3,0.519,0,0,0,1.7,3.3,0.524,0.519,0.6,0.8,0.784,0.7,1.2,1.8,1.8,0.5,0.4,0.6,1.2,4,"Shaun Livingston","GSW",666667
"C",22,"GSW",80,24,18.5,2.7,4.3,0.625,0,0.1,0.1,2.7,4.2,0.641,0.627,0.8,1.3,0.619,2.4,2.8,5.2,1.5,0.6,0.7,0.6,2.6,6.3,"Kevon Looney","GSW",4464286
"C",30,"MIL",81,81,28.7,4.4,9.7,0.452,2.3,6.3,0.365,2.1,3.4,0.613,0.571,1.4,1.6,0.842,0.4,4.5,4.9,1.2,0.6,2.2,1,2.3,12.5,"Brook Lopez","MIL",12093024
"C",30,"CHI",74,36,21.7,4.1,7.2,0.568,0.1,0.4,0.226,4,6.8,0.589,0.575,1.2,1.7,0.724,1.9,2,3.9,1.2,0.1,1.1,1.3,1.7,9.5,"Robin Lopez","MIL",4767000
"PF",30,"CLE",22,21,27.2,5,12.9,0.385,2.4,6.7,0.361,2.5,6.2,0.412,0.479,4.7,5.2,0.904,1.5,9.4,10.9,2.2,0.3,0.2,1.9,2.5,17,"Kevin Love","CLE",28900000
"PG",32,"TOR",65,65,34,4.7,11.4,0.411,2.4,7,0.347,2.3,4.4,0.514,0.518,2.5,3,0.83,0.6,4.2,4.8,8.7,1.4,0.5,2.8,2.6,14.2,"Kyle Lowry","TOR",33296296
"PF",22,"DEN",25,0,3.8,0.4,0.7,0.5,0.2,0.4,0.4,0.2,0.3,0.625,0.611,0,0.1,0.333,0.3,0.4,0.7,0.2,0.1,0,0.2,0.4,0.9,"Tyler Lydon","SAC",50000
"PF",23,"DEN",64,2,17.5,3.2,7.7,0.418,0.8,3.1,0.255,2.4,4.6,0.529,0.47,1.3,1.8,0.698,0.7,3.2,3.8,1.4,0.5,0.4,1.1,1.5,8.5,"Trey Lyles","SAS",5500000
"C",32,"WAS",34,6,14.6,1.4,3.1,0.452,0.1,0.5,0.188,1.3,2.6,0.5,0.466,1.2,1.8,0.689,1.4,2.4,3.8,0.7,0.7,0.5,0.6,2.5,4.1,"Ian Mahinmi","WAS",15450051
"PF",21,"CHI",52,51,32.3,6.6,15.3,0.43,2.3,6.4,0.361,4.3,8.9,0.479,0.506,3.3,3.8,0.872,1.4,7.6,9,1.4,0.7,0.6,1.6,2.3,18.7,"Lauri Markkanen","CHI",5300400
"PF",32,"LAC",4,0,15.3,2,4.5,0.444,0.5,1.5,0.333,1.5,3,0.5,0.5,0.5,1.3,0.4,0.5,1.3,1.8,0.5,0.3,0.3,0.5,2,5,"Luc Mbah a Moute","HOU",289803
"SG",27,"POR",70,70,33.9,8.2,17.8,0.459,2.4,6.4,0.375,5.8,11.4,0.506,0.527,2.3,2.7,0.828,0.9,3.1,4,3,0.8,0.4,1.5,2.5,21,"CJ McCollum","POR",27556959
"PG",26,"PHI",76,3,19.3,2.9,5.5,0.525,0.2,0.6,0.333,2.7,5,0.546,0.542,0.4,0.5,0.784,0.4,1.9,2.3,3.4,1,0.2,1.2,1.4,6.4,"T.J. McConnell","IND",3500000
"SF",27,"IND",77,1,17.4,2.7,5.5,0.491,1.1,2.7,0.408,1.6,2.8,0.569,0.59,0.9,1,0.835,0.2,1.2,1.4,0.9,0.2,0.1,0.5,1.4,7.3,"Doug McDermott","IND",7333334
"C",31,"LAL",75,62,22.3,5.3,8.5,0.624,0,0.2,0.083,5.3,8.4,0.634,0.625,1.3,2,0.632,2.6,4.9,7.5,0.7,0.6,2,1.4,2.8,12,"JaVale McGee","LAL",4e+06
"SG",27,"MIA",66,45,23.5,2.8,7,0.403,1.2,3.4,0.351,1.6,3.6,0.453,0.489,0.8,1.1,0.722,0.9,2.7,3.6,1.7,0.5,0.2,1,1.7,7.6,"Rodney McGruder","LAC",4629630
"SG",25,"SAC",19,0,8.3,1.3,3.4,0.391,0.9,2.2,0.415,0.4,1.2,0.348,0.523,0.4,0.6,0.667,0.2,0.7,0.9,0.2,0.3,0.2,0.3,1.2,3.9,"Ben McLemore","HOU",2028594
"SG",27,"WAS",27,0,12.3,2.3,4.8,0.469,0.4,1.3,0.286,1.9,3.5,0.537,0.508,1,1.3,0.8,0.2,1.3,1.5,1.1,0.5,0.3,0.6,1,5.9,"Jordan McRae","DET",1645357
"PG",20,"PHO",50,31,19.7,2,5.1,0.391,0.6,1.9,0.305,1.4,3.2,0.441,0.447,0.4,0.6,0.75,0.5,2.2,2.7,3.2,1.4,0.5,1.5,2.3,5,"De'Anthony Melton","MEM",1416852
"PF",21,"SAS",29,0,5,0.7,2,0.328,0,0.1,0,0.7,1.9,0.339,0.328,0.4,0.6,0.765,0.3,0.9,1.2,0.4,0.2,0.1,0.5,0.5,1.8,"Chimezie Metu","SAS",1416852
"SF",27,"MIL",77,77,31.1,6.6,14.9,0.441,2.3,6.2,0.378,4.2,8.8,0.485,0.519,2.8,3.4,0.837,0.6,5.3,6,4.3,1,0.1,2.3,2.2,18.3,"Khris Middleton","MIL",30603448
"SF",28,"NOP",69,15,25.5,2.7,7,0.39,1.9,5.3,0.365,0.8,1.7,0.467,0.528,0.8,1,0.789,0.2,1.7,1.9,2.1,0.6,0.3,0.9,2.4,8.2,"Darius Miller","NOP",7250000
"SF",25,"TOR",10,0,6.7,1.1,2.6,0.423,1,2.1,0.476,0.1,0.5,0.2,0.615,0.3,0.4,0.75,0.1,0.4,0.5,0.1,0.1,0.1,0.1,0.5,3.5,"Malcolm Miller","TOR",1588231
"PF",33,"DEN",70,65,27.1,4.6,9.5,0.484,0.8,2.3,0.365,3.8,7.2,0.522,0.528,2.6,3.6,0.727,2.2,5,7.2,2,1.2,0.8,1.4,2.6,12.6,"Paul Millsap","DEN",30500000
"PG",30,"SAS",82,1,23.3,3.4,8.1,0.425,1.9,4.9,0.394,1.5,3.2,0.475,0.545,1.1,1.3,0.854,0.3,1.9,2.2,3,0.6,0.1,1.1,1.6,9.9,"Patty Mills","SAS",12428571
"SG",22,"PHI",20,0,13.4,1.7,4.4,0.391,0.7,2.2,0.318,1,2.2,0.465,0.471,0.3,0.4,0.714,0.5,1.3,1.8,0.9,0.4,0.4,0.3,1.5,4.4,"Shake Milton","PHI",1445697
"SG",22,"UTA",77,77,33.7,8.6,19.9,0.432,2.4,6.7,0.362,6.1,13.1,0.468,0.493,4.1,5.1,0.806,0.8,3.3,4.1,4.2,1.4,0.4,2.8,2.7,23.8,"Donovan Mitchell","UTA",3635760
"SG",20,"CHO",73,0,17.2,3.1,8,0.387,1.5,4.5,0.33,1.6,3.5,0.461,0.48,1.2,1.4,0.882,0.2,1.7,1.9,1.6,0.5,0.3,1.2,1.5,8.9,"Malik Monk","CHO",4028400
"SG",29,"NOP",53,36,27.6,4.8,10,0.481,1.4,3.3,0.432,3.4,6.7,0.506,0.553,0.8,1.1,0.763,0.7,1.7,2.4,1.9,0.8,0.2,1.1,2.1,11.9,"E'Twaun Moore","NOP",8664928
"PF",29,"BOS",75,53,27.9,5,11.3,0.447,1.9,5.2,0.375,3.1,6.1,0.508,0.533,1.9,2.3,0.844,1,5.1,6.1,1.5,0.6,0.3,1.2,2.4,13.9,"Marcus Morris","LAC",1.5e+07
"PG",23,"DEN",82,6,24,4.2,8.6,0.493,1.1,2.8,0.414,3.1,5.8,0.531,0.56,0.8,1,0.802,0.4,1.9,2.4,3.6,0.9,0,0.6,1.2,10.4,"Monte Morris","DEN",1588231
"PG",22,"NYK",59,42,27.2,5.6,12.5,0.446,1.2,3.6,0.329,4.4,9,0.492,0.493,2.4,3.2,0.774,0.6,2.8,3.3,3.9,0.7,0.3,2.4,1.7,14.8,"Emmanuel Mudiay","UTA",1737145
"PG",21,"DEN",75,74,32.6,6.8,15.6,0.437,2,5.5,0.367,4.8,10.1,0.476,0.502,2.5,3,0.848,0.9,3.4,4.2,4.8,0.9,0.4,2.1,2,18.2,"Jamal Murray","DEN",4444746
"SG",19,"BRK",9,0,4.3,1,2.4,0.409,0.1,1.1,0.1,0.9,1.3,0.667,0.432,0,0.2,0,0.1,0.4,0.6,0.2,0.2,0,0.4,0.1,2.1,"Džanan Musa","BRK",1911600
"SF",25,"OKC",61,1,11.4,1.5,3.5,0.423,0.5,1.6,0.32,1,1.9,0.513,0.498,0.4,0.6,0.75,0.2,1.7,1.9,0.3,0.3,0.2,0.4,1.1,4,"Abdel Nader","OKC",1618520
"C",26,"CLE",67,30,26.8,3.7,7.1,0.52,0.5,1.5,0.337,3.2,5.7,0.567,0.554,1.4,2,0.716,2.5,5.7,8.2,3.2,1.5,0.6,1.4,2.9,9.4,"Larry Nance Jr.","CLE",12727273
"PG",27,"BRK",56,2,17.6,3,7.8,0.389,1.4,4.1,0.333,1.7,3.7,0.449,0.476,2.1,2.5,0.833,0.3,1.5,1.8,2.6,0.7,0.3,1.2,1.2,9.4,"Shabazz Napier","WAS",1882867
"PG",26,"UTA",37,1,12.8,2,4.4,0.46,0.5,1.6,0.333,1.5,2.7,0.535,0.522,0.8,0.9,0.848,0.2,1.5,1.7,2.5,0.4,0.1,0.9,1.3,5.3,"Raul Neto","PHI",1737145
"PF",25,"UTA",59,0,8.7,1.5,3.1,0.475,0.7,1.8,0.41,0.7,1.3,0.566,0.594,0.3,0.4,0.833,0.2,1.3,1.5,0.6,0.2,0.1,0.4,1,4,"Georges Niang","UTA",1678854
"PG",20,"NYK",43,16,21,2.2,6.6,0.337,0.8,2.7,0.287,1.4,3.9,0.371,0.395,0.5,0.7,0.767,0.3,1.7,2,2.8,0.7,0.3,1.3,2.4,5.7,"Frank Ntilikina","NYK",4855800
"C",24,"POR",72,72,27.4,5.8,11.5,0.508,0,0.4,0.103,5.8,11.1,0.523,0.51,3.9,5.1,0.773,3.4,7,10.4,3.2,1,1.4,2.3,3.5,15.6,"Jusuf Nurkić","POR",1.2e+07
"PF",24,"BOS",56,3,10.6,1.2,2.8,0.424,0.5,1.6,0.315,0.7,1.2,0.565,0.513,0.4,0.7,0.615,0.4,1.1,1.5,0.4,0.2,0.1,0.3,0.8,3.3,"Semi Ojeleye","BOS",1618520
"C",23,"NOP",59,24,15.8,3.6,6.1,0.586,0,0.1,0.2,3.6,6.1,0.591,0.587,1,1.5,0.663,1.4,3.3,4.7,0.7,0.3,0.7,0.9,1.6,8.2,"Jahlil Okafor","NOP",1702486
"PG",21,"PHO",53,16,18.1,2.2,5.5,0.393,0.7,2.5,0.295,1.4,3,0.475,0.46,0.7,0.9,0.787,0.2,1.6,1.8,2.4,0.6,0.1,1.3,2.1,5.7,"Elie Okobo","PHO",1416852
"SG",20,"MIN",74,52,23.7,2.6,6.9,0.386,0.8,2.9,0.279,1.8,4,0.464,0.445,1.6,2.2,0.728,0.6,2.4,2.9,1.2,1.2,0.4,0.9,2.2,7.7,"Josh Okogie","MIN",2530680
"SG",26,"IND",36,36,31.9,6.9,16.3,0.423,2.1,6,0.343,4.9,10.3,0.47,0.486,2.9,3.9,0.73,0.6,5,5.6,5.2,1.7,0.3,2.3,2,18.8,"Victor Oladipo","IND",2.1e+07
"PF",27,"MIA",79,36,22.9,3.3,7.1,0.463,1.4,4,0.354,1.9,3.1,0.604,0.563,1.9,2.3,0.822,0.9,3.8,4.7,1.8,0.7,0.5,1.4,2.3,10,"Kelly Olynyk","MIA",11667885
"SF",25,"UTA",82,16,20.4,2,4.2,0.475,0.8,2.1,0.386,1.2,2,0.569,0.574,0.4,0.5,0.762,0.3,3.2,3.5,1.5,0.7,0.3,0.9,2.1,5.2,"Royce O'Neale","UTA",1618520
"C",28,"IND",45,3,8.2,1.5,3,0.507,0,0.3,0.083,1.5,2.8,0.548,0.511,0.4,0.5,0.81,0.6,2,2.6,1.2,0.2,0.6,0.7,1.5,3.5,"Kyle O'Quinn","PHI",2028594
"SF",23,"CLE",76,75,32.2,4.7,11.1,0.427,1.7,4.9,0.348,3,6.2,0.489,0.504,1.9,2.4,0.779,0.6,4.1,4.7,2.6,0.8,0.1,1.5,2.6,13,"Cedi Osman","CLE",2907143
"SF",30,"MEM",25,3,19.8,2.7,7.3,0.374,1.2,3.8,0.309,1.6,3.5,0.443,0.453,0.9,1,0.88,0.2,2.6,2.8,1.7,0.8,0.2,1.3,1.8,7.5,"Chandler Parsons","ATL",25102511
"PG",33,"HOU",58,58,32,5.2,12.4,0.419,2.2,6.1,0.358,3,6.3,0.479,0.508,3,3.5,0.862,0.6,3.9,4.6,8.2,2,0.3,2.6,2.5,15.6,"Chris Paul","OKC",38506482
"PG",24,"NOP",42,42,29.8,4.3,9.8,0.434,0.8,2.5,0.314,3.5,7.3,0.476,0.475,1.3,1.8,0.743,1.2,4.1,5.2,7.6,1,0.4,2.7,1.9,10.6,"Elfrid Payton","NYK",8e+06
"SG",23,"BRK",18,0,11.7,1.4,4.1,0.342,0.7,2.6,0.261,0.7,1.5,0.481,0.425,1.1,1.2,0.864,0.2,1.8,2,1.2,0.3,0,1,0.8,4.5,"Theo Pinson","NYK",1445697
"C",28,"DEN",82,17,21.1,3.2,5.4,0.593,0,0.1,0.2,3.2,5.3,0.602,0.595,1.4,2.4,0.561,2,4.4,6.4,3,0.8,0.9,1.5,3.1,7.8,"Mason Plumlee","DEN",14041096
"C",27,"DAL",77,22,21.6,3.8,6.3,0.597,0.5,1.6,0.307,3.3,4.7,0.699,0.637,2.5,3.3,0.772,1.8,3.5,5.3,1.5,0.6,0.6,0.9,2.6,10.6,"Dwight Powell","DAL",10259375
"SG",25,"TOR",60,3,18.8,3.2,6.7,0.483,1.1,2.8,0.4,2.1,3.8,0.543,0.568,1,1.3,0.827,0.3,2.1,2.3,1.5,0.7,0.2,1.1,1.6,8.6,"Norman Powell","TOR",10116576
"SF",24,"ATL",55,47,28.2,4.8,10.8,0.441,2.2,5.7,0.39,2.5,5.1,0.498,0.545,1.7,2.1,0.819,0.4,3.2,3.6,2.1,1,0.3,1.8,2.6,13.5,"Taurean Prince","BRK",3481986
"PF",21,"MEM",49,13,14.7,2.4,4.3,0.547,0.1,0.3,0.2,2.3,4,0.574,0.554,1,1.4,0.71,1.4,2.8,4.2,1.1,0.3,0.3,0.7,1.8,5.8,"Ivan Rabb","MEM",371758
"PG",25,"WAS",49,2,15.2,1.9,4.4,0.419,0.9,2.3,0.4,0.9,2.1,0.441,0.525,0.9,1.3,0.694,0.2,0.9,1.1,2,0.5,0.1,0.9,1.9,5.5,"Chasson Randle","GSW",91557
"PF",24,"NOP",73,49,30.6,7.8,14.9,0.524,0.9,2.7,0.344,6.9,12.2,0.564,0.555,4.9,6.7,0.731,2.2,6.5,8.7,3.1,0.7,0.6,2.8,3.4,21.4,"Julius Randle","NYK",1.8e+07
"SG",34,"PHI",76,63,31.3,5.9,13.5,0.44,3.2,8,0.397,2.8,5.6,0.502,0.557,3,3.4,0.894,0.3,2.2,2.4,2.7,0.4,0.2,1.3,1.7,18.1,"J.J. Redick","NOP",13486300
"SG",25,"MIA",73,73,34.8,5.8,14.1,0.412,2.2,6.3,0.357,3.5,7.8,0.458,0.492,2.7,3.2,0.861,0.7,2.9,3.6,4.1,1.1,0.5,1.5,2.7,16.6,"Josh Richardson","PHI",10100000
"PF",24,"MIA",15,1,10.7,1.2,3.1,0.391,0.7,2.3,0.286,0.5,0.7,0.727,0.5,0.3,0.4,0.667,0.1,1.1,1.3,0.3,0.3,0,0.3,0.7,3.3,"Duncan Robinson","MIA",1416852
"SF",25,"DET",47,18,13,1.6,3.7,0.42,0.4,1.3,0.29,1.2,2.4,0.491,0.472,0.7,0.9,0.8,0.4,1.1,1.5,0.4,0.3,0.2,0.4,1,4.2,"Glenn Robinson III","PHI",1882867
"SG",21,"LAC",33,0,9.7,1.3,3.3,0.4,0.5,1.7,0.316,0.8,1.6,0.491,0.482,0.2,0.3,0.667,0.1,1.2,1.2,0.6,0.3,0.1,0.4,1.4,3.4,"Jerome Robinson","WAS",3567720
"PG",32,"LAL",46,29,29.8,3.8,9.4,0.405,1.1,3.1,0.359,2.7,6.3,0.428,0.464,0.5,0.8,0.639,0.7,4.5,5.3,8,1.2,0.2,2.8,2.2,9.2,"Rajon Rondo","LAL",2564753
"PG",30,"MIN",51,13,27.3,7.1,14.8,0.482,1.1,2.9,0.37,6.1,11.9,0.509,0.518,2.7,3.1,0.856,0.6,2.1,2.7,4.3,0.6,0.2,1.6,1.1,18,"Derrick Rose","DET",7317073
"SG",27,"ORL",81,0,26.5,5.4,12.7,0.428,2.7,7,0.383,2.8,5.7,0.484,0.534,1.6,1.8,0.875,0.3,3.1,3.5,1.7,0.9,0.4,1.1,1.5,15.1,"Terrence Ross","ORL",12500000
"PG",24,"BOS",79,14,22.7,3.3,8.4,0.387,1.5,4.3,0.353,1.8,4.2,0.422,0.477,0.9,1.2,0.785,0.4,3.5,3.9,2.9,0.9,0.3,0.9,1.3,9,"Terry Rozier","CHO",19894737
"PG",28,"UTA",68,67,27.9,4.3,10.7,0.404,1.2,3.7,0.311,3.2,7,0.454,0.458,2.9,3.4,0.855,0.5,3.1,3.6,6.1,1.3,0.1,2.6,2.6,12.7,"Ricky Rubio","PHO",16190476
"PG",22,"BRK",81,81,30.2,8.1,18.7,0.434,2.9,7.8,0.369,5.2,10.9,0.482,0.512,2,2.5,0.78,0.7,3.2,3.9,7,1.2,0.2,3.1,1.7,21.1,"D'Angelo Russell","MIN",27285000
"C",22,"IND",74,5,24.8,5.6,9.5,0.59,0.1,0.2,0.529,5.5,9.2,0.592,0.596,2.8,3.9,0.715,2.5,6.8,9.3,2.9,0.6,0.4,2.2,3.2,14.1,"Domantas Sabonis","IND",3529555
"SF",25,"CHI",4,0,31.8,7.3,13.5,0.537,1.3,3.5,0.357,6,10,0.6,0.583,4.3,5.3,0.81,1.3,6.8,8,1,1,0.8,1,2,20,"JaKarr Sampson","IND",1737145
"PG",27,"WAS",80,54,27.1,3.2,6.6,0.485,0.8,2,0.395,2.4,4.6,0.524,0.545,1.6,2,0.819,1,2.5,3.5,5,1,0.2,1.5,2.2,8.9,"Tomáš Satoranský","CHI",1e+07
"PG",25,"OKC",79,14,29.3,5.8,14,0.414,1.6,4.6,0.341,4.2,9.4,0.45,0.47,2.4,2.9,0.819,0.5,3.1,3.6,4.1,0.8,0.2,2.2,2.4,15.5,"Dennis Schröder","OKC",15500000
"SF",34,"UTA",50,2,12.2,1.4,3,0.477,0.7,1.6,0.436,0.7,1.4,0.521,0.591,0.3,0.4,0.636,0.2,2.3,2.5,0.5,0.9,0.1,0.5,0.8,3.8,"Thabo Sefolosha","HOU",2564753
"PG",20,"CLE",82,72,31.8,6.3,14.7,0.43,1.5,3.6,0.402,4.9,11.1,0.44,0.48,2.6,3.1,0.839,0.7,2.2,2.9,3,0.5,0.1,2.3,2.3,16.7,"Collin Sexton","CLE",4764960
"PF",24,"TOR",80,79,31.9,6.5,11.8,0.549,1,2.7,0.369,5.5,9.1,0.602,0.591,3,3.8,0.785,1.6,5.3,6.9,3.1,0.9,0.7,1.9,3,16.9,"Pascal Siakam","TOR",2351839
"PG",22,"PHI",79,79,34.2,6.8,12.2,0.563,0,0.1,0,6.8,12.1,0.566,0.563,3.3,5.4,0.6,2.2,6.6,8.8,7.7,1.4,0.8,3.5,2.6,16.9,"Ben Simmons","PHI",8113930
"SG",19,"POR",20,1,7.1,1.4,3.2,0.444,0.5,1.5,0.345,0.9,1.7,0.529,0.524,0.5,0.8,0.563,0.2,0.5,0.7,0.7,0.1,0,0.6,0.5,3.8,"Anfernee Simons","POR",2149560
"SG",24,"BOS",80,60,27.5,3,7.1,0.422,1.6,4.3,0.364,1.4,2.8,0.511,0.533,1.3,1.6,0.806,0.7,2.2,2.9,4,1.8,0.4,1.5,2.5,8.9,"Marcus Smart","BOS",12553471
"PG",30,"DET",56,0,22.3,3.7,8.7,0.419,0.8,2.4,0.326,2.9,6.3,0.455,0.464,0.8,1.1,0.758,0.4,2.2,2.6,3.6,0.5,0.2,1.1,1.9,8.9,"Ish Smith","WAS",5853659
"SG",19,"PHI",6,2,18.5,2.3,5.7,0.412,1,2.7,0.375,1.3,3,0.444,0.5,1,1.3,0.75,0.5,1.7,2.2,1.7,0.3,0.3,1,1.3,6.7,"Zhaire Smith","PHI",3058800
"SF",27,"MIL",74,12,17.6,2.2,4.9,0.452,1.1,2.8,0.397,1.1,2.1,0.522,0.564,0.5,0.6,0.881,0.4,1.7,2.1,0.9,0.4,0.2,0.3,1.2,6,"Tony Snell","DET",11392857
"PF",21,"ATL",46,11,17.5,2.1,5.3,0.402,1,2.8,0.344,1.2,2.5,0.466,0.492,0.7,1,0.711,1.6,2.7,4.2,1,0.6,0.5,0.7,1.5,5.9,"Omari Spellman","MIN",1897800
"PG",23,"IND",23,2,9.1,1,2.8,0.344,0.3,1.2,0.259,0.7,1.6,0.405,0.398,0.7,1,0.625,0.4,0.7,1,0.4,0.5,0.2,0.4,1.1,2.9,"Edmond Sumner","IND",2e+06
"SF",20,"BOS",79,79,31.1,5.9,13.1,0.45,1.5,3.9,0.373,4.4,9.2,0.483,0.506,2.5,2.9,0.855,0.9,5.2,6,2.1,1.1,0.7,1.5,2.1,15.7,"Jayson Tatum","BOS",7830000
"PG",30,"MIN",42,41,30.1,4.2,9.9,0.423,0.8,2.5,0.333,3.4,7.4,0.453,0.465,2.9,3.6,0.804,0.4,2.1,2.5,8.2,1,0.4,2.3,2.1,12.1,"Jeff Teague","ATL",1.9e+07
"C",26,"BOS",66,2,13.8,2.2,4,0.549,0.4,1,0.388,1.8,3,0.603,0.598,0.8,1.2,0.737,1.3,2.1,3.4,1,0.3,0.6,0.5,2.4,5.7,"Daniel Theis","BOS",5e+06
"SG",29,"DEN",12,0,15.1,2.8,8.3,0.343,1,3.6,0.279,1.8,4.7,0.393,0.404,1.4,2.3,0.63,0.4,0.7,1.1,1.9,0.4,0.1,1.5,1.4,8.1,"Isaiah Thomas","LAC",2320044
"SG",22,"DET",26,0,7.5,0.8,2.7,0.319,0.4,1.3,0.286,0.5,1.3,0.353,0.391,0.3,0.4,0.636,0.2,0.6,0.8,0.3,0.3,0.2,0.2,0.8,2.3,"Khyri Thomas","DET",838464
"PF",30,"NYK",46,17,17,1.7,4.3,0.396,0.5,1.7,0.278,1.2,2.6,0.475,0.452,0.6,0.8,0.75,0.5,2.1,2.5,0.6,0.4,0.2,0.5,1.8,4.5,"Lance Thomas","BRK",262152
"SG",28,"GSW",78,78,34,8.4,18,0.467,3.1,7.7,0.402,5.3,10.3,0.516,0.553,1.7,2,0.816,0.5,3.4,3.8,2.4,1.1,0.6,1.5,2,21.5,"Klay Thompson","GSW",32742000
"SG",24,"LAC",64,1,4.9,0.3,0.8,0.347,0,0.2,0.2,0.2,0.5,0.412,0.378,0.4,0.5,0.735,0.1,0.6,0.7,0.3,0.2,0.1,0.3,0.6,1,"Sindarius Thornwell","NOP",183115
"C",23,"MIN",77,77,33.1,8.8,17.1,0.518,1.8,4.6,0.4,7,12.5,0.562,0.572,4.9,5.8,0.836,3.4,9,12.4,3.4,0.9,1.6,3.1,3.8,24.4,"Karl-Anthony Towns","MIN",27250000
"SG",20,"POR",15,1,7.4,1.1,3.3,0.32,0.3,1.4,0.238,0.7,1.9,0.379,0.37,0.2,0.5,0.429,0.1,0.7,0.7,0.3,0.1,0.1,0.3,0.3,2.7,"Gary Trent Jr.","POR",1416852
"SG",23,"NYK",64,3,22.8,3.6,8.1,0.448,0.8,2.1,0.394,2.8,6,0.466,0.498,2.8,3.5,0.803,0.5,2.6,3.1,1.9,0.4,0.2,1.8,1.8,10.9,"Allonzo Trier","NYK",3551100
"PF",33,"HOU",82,82,34.2,2.5,6.4,0.396,1.8,4.7,0.377,0.7,1.7,0.449,0.535,0.5,0.7,0.695,1.5,4.4,5.8,1.2,1.6,0.5,0.8,3.1,7.3,"P.J. Tucker","HOU",8349039
"PG",30,"POR",73,2,22,2.8,6.1,0.46,0.2,0.7,0.212,2.6,5.4,0.494,0.473,1,1.5,0.708,0.5,4,4.5,3.9,0.5,0.2,1.6,1.5,6.8,"Evan Turner","MIN",18606557
"C",22,"IND",74,74,28.6,5.1,10.5,0.487,1,2.6,0.388,4.1,7.9,0.521,0.536,2,2.7,0.736,1.4,5.8,7.2,1.6,0.8,2.7,1.4,2.6,13.3,"Myles Turner","IND",1.8e+07
"PF",19,"DEN",17,0,4.1,0.5,1.1,0.474,0,0.1,0,0.5,1.1,0.5,0.474,0.4,0.6,0.6,0.4,0.9,1.4,0.2,0.4,0.1,0.5,0.5,1.4,"Jarred Vanderbilt","MIN",1416852
"PG",24,"TOR",64,28,27.5,3.8,9.4,0.41,1.8,4.6,0.378,2.1,4.8,0.441,0.503,1.5,1.8,0.843,0.3,2.3,2.6,4.8,0.9,0.3,1.3,1.7,11,"Fred VanVleet","TOR",9e+06
"PF",23,"NYK",68,57,25.3,3,6.5,0.47,0.7,2,0.336,2.4,4.5,0.531,0.523,1.6,2.3,0.712,1.7,6.1,7.8,1.9,0.7,0.8,1.3,2.6,8.4,"Noah Vonleh","DEN",2e+06
"C",28,"ORL",80,80,31.4,8.8,16.9,0.518,1.1,2.9,0.364,7.7,14,0.549,0.549,2.2,2.8,0.789,2.8,9.2,12,3.8,1,1.1,2,2,20.8,"Nikola Vučević","ORL",2.8e+07
"C",21,"LAL",43,5,10.4,1.7,4,0.415,0.5,1.8,0.286,1.1,2.2,0.521,0.48,1,1.2,0.811,0.4,1.6,2,0.6,0.3,0.3,0.9,1.3,4.8,"Moritz Wagner","WAS",2063520
"PG",28,"CHO",82,82,34.9,8.9,20.5,0.434,3.2,8.9,0.356,5.7,11.6,0.494,0.511,4.6,5.5,0.844,0.6,3.8,4.4,5.9,1.2,0.4,2.6,1.6,25.6,"Kemba Walker","BOS",32742000
"SG",20,"SAS",17,0,6.9,0.9,2.7,0.348,0.3,0.8,0.385,0.6,1.9,0.333,0.402,0.5,0.6,0.8,0,1,1,0.5,0.4,0.2,0.2,0.4,2.6,"Lonnie Walker","SAS",2760480
"PG",28,"WAS",32,32,34.5,7.7,17.3,0.444,1.6,5.3,0.302,6.1,12,0.507,0.49,3.8,5.5,0.697,0.5,3.2,3.6,8.7,1.5,0.9,3.8,2.2,20.7,"John Wall","WAS",37800000
"PG",29,"BOS",36,0,9.5,1.4,2.9,0.476,0.4,1.1,0.41,0.9,1.8,0.515,0.552,0.7,0.8,0.857,0.1,1.1,1.1,1.6,0.3,0.1,0.5,0.9,3.9,"Brad Wanamaker","BOS",1445697
"SF",25,"PHO",43,36,31.6,6.9,14.2,0.486,1.8,4.2,0.428,5.1,10,0.51,0.549,2.3,2.9,0.815,0.7,3.3,4,1.5,1.2,0.7,1.2,2.8,18,"T.J. Warren","IND",10810000
"PG",30,"OKC",73,73,36,8.6,20.2,0.428,1.6,5.6,0.29,7,14.5,0.481,0.468,4.1,6.2,0.656,1.5,9.6,11.1,10.7,1.9,0.5,4.5,3.4,22.9,"Russell Westbrook","HOU",38178000
"PG",24,"SAS",67,55,25.8,3.9,8.1,0.479,0.7,2.1,0.338,3.2,6,0.529,0.523,1.4,1.8,0.772,0.5,3.2,3.7,3.9,1,0.7,1.4,2.2,9.9,"Derrick White","SAS",1948080
"C",29,"MIA",72,53,23.3,5.4,9.4,0.571,0,0.2,0.125,5.4,9.2,0.581,0.572,1.5,3.4,0.449,3.6,7.8,11.3,0.8,0.6,1.9,1.3,2.7,12.3,"Hassan Whiteside","POR",27093018
"SF",23,"MIN",73,73,34.8,6.8,16.6,0.412,1.6,4.8,0.339,5.2,11.8,0.441,0.461,2.8,4.1,0.699,1.1,3.7,4.8,2.5,1,0.7,1.9,2.1,18.1,"Andrew Wiggins","GSW",27504630
"C",23,"LAL",24,0,15.5,2.7,4.6,0.591,0,0.1,0,2.7,4.5,0.602,0.591,1.1,2,0.563,2,2.1,4.1,0.5,0.3,0.3,0.7,2.6,6.5,"Johnathan Williams","WAS",106181
"SF",24,"NOP",46,29,23.5,2.3,6.1,0.384,1.1,3.4,0.333,1.2,2.7,0.447,0.477,0.3,0.4,0.684,1.2,3.6,4.8,1.8,1,0.4,0.8,2.1,6.1,"Kenrich Williams","NOP",1416852
"SG",32,"LAC",75,1,26.6,6.5,15.2,0.425,1.4,3.9,0.361,5.1,11.3,0.447,0.471,5.7,6.5,0.876,0.5,2.4,3,5.4,0.8,0.1,2.4,1.1,20,"Lou Williams","LAC",8e+06
"SF",24,"SAC",21,0,14.9,2.1,4.7,0.449,0.7,2.1,0.318,1.4,2.6,0.556,0.52,0.4,0.7,0.6,0.6,2.2,2.8,0.5,0.5,0.4,0.4,1.8,5.3,"Troy Williams","HOU",122741
"PF",22,"MIL",48,3,18.4,2.2,5.2,0.414,1,2.6,0.362,1.2,2.6,0.468,0.506,0.5,1,0.553,0.9,3.7,4.6,1.1,0.4,0.4,0.7,1.8,5.8,"D.J. Wilson","MIL",2961120
"SF",22,"MIA",66,52,29.7,4.9,11.3,0.433,1.5,3.9,0.375,3.5,7.5,0.462,0.497,1.3,2.1,0.628,1,4.4,5.4,4.3,1.1,0.3,2.2,2.7,12.6,"Justise Winslow","MEM",1.3e+07
"PF",23,"BOS",41,1,6.1,0.9,1.9,0.455,0.2,0.7,0.321,0.6,1.2,0.531,0.513,0.4,0.5,0.682,0.6,0.7,1.3,0.4,0.2,0.2,0.4,0.8,2.3,"Guerschon Yabusele","BOS",3117240
"PF",30,"IND",81,81,30.7,5.5,10.4,0.527,0.6,1.8,0.349,4.8,8.6,0.564,0.557,1.1,1.7,0.644,2.4,4.1,6.5,2.5,1.5,0.4,1.5,2.4,12.6,"Thaddeus Young","CHI",12900000
"PG",20,"ATL",81,81,30.9,6.5,15.5,0.418,1.9,6,0.324,4.6,9.6,0.477,0.48,4.2,5.1,0.829,0.8,2.9,3.7,8.1,0.9,0.2,3.8,1.7,19.1,"Trae Young","ATL",6273000
"C",26,"CHO",49,47,25.4,3.9,7,0.551,0.1,0.4,0.273,3.8,6.6,0.57,0.559,2.3,2.9,0.787,2.2,4.6,6.8,2.1,0.8,0.8,1.3,3.3,10.1,"Cody Zeller","CHO",14471910
